{
  "kde": {
    "x": [
      0.002424434758722782, 0.05091313272714615, 0.09940182417631149,
      0.15273939073085785, 0.2012280821800232, 0.24971677362918854,
      0.3030543327331543, 0.3515430688858032, 0.4000317454338074,
      0.4533693194389343, 0.5018579959869385, 0.5503467321395874,
      0.6036842465400696, 0.6521729230880737, 0.7006616592407227,
      0.7539992332458496, 0.8024879097938538, 0.8509765863418579,
      0.9043141603469849, 0.9528028964996338, 1.0012915134429932,
      1.0546290874481201, 1.103117823600769, 1.151606559753418,
      1.204944133758545, 1.2534327507019043, 1.3019213676452637,
      1.3552589416503906, 1.403747797012329, 1.4522364139556885,
      1.5055739879608154, 1.5540626049041748, 1.6025514602661133,
      1.6558890342712402, 1.7043776512145996, 1.752866268157959,
      1.806203842163086, 1.8546925783157349, 1.9031813144683838,
      1.9565188884735107, 2.00500750541687, 2.0534963607788086,
      2.1068339347839355, 2.155322551727295, 2.2038111686706543,
      2.2571487426757812, 2.3056373596191406, 2.354126214981079,
      2.407463788986206, 2.4559524059295654, 2.504441261291504,
      2.557778835296631, 2.6062674522399902, 2.6547560691833496,
      2.7080936431884766, 2.756582260131836, 2.8050708770751953,
      2.8584084510803223, 2.9068973064422607, 2.95538592338562,
      3.008723497390747, 3.0572123527526855, 3.105700969696045,
      3.159038543701172, 3.2075271606445312, 3.2560157775878906,
      3.3093533515930176, 3.357842206954956, 3.4063308238983154,
      3.4596683979034424, 3.508157253265381, 3.5566458702087402,
      3.609983444213867, 3.6584720611572266, 3.706960678100586,
      3.760298252105713, 3.8087868690490723, 3.8572757244110107,
      3.9106132984161377, 3.959101915359497, 4.007590293884277,
      4.0609283447265625, 4.109416961669922, 4.157905578613281,
      4.211243152618408, 4.259732246398926, 4.308220863342285,
      4.361557960510254, 4.410046577453613, 4.458535194396973,
      4.511873245239258, 4.560361862182617, 4.608850479125977,
      4.6621880531311035, 4.710677146911621, 4.7591657638549805,
      4.812502861022949, 4.860991477966309, 4.909480094909668, 4.962818145751953
    ],
    "y": [
      0.1522938108479556, 0.15050047298740446, 0.1452461725051001,
      0.13590930983423058, 0.12480349089414233, 0.11192318729900165,
      0.09661369972896744, 0.08245742303148934, 0.0687503459947692,
      0.054823999212247385, 0.04361122661014653, 0.03401188200223421,
      0.025412047444132436, 0.019369319593582526, 0.014936211964379007,
      0.011800517701892901, 0.010426229670711058, 0.010402203935797471,
      0.011908418852523788, 0.014715760066442948, 0.018993450567336336,
      0.02554749696743791, 0.03335729185282539, 0.0430591755437003,
      0.056076844691283774, 0.07007546675987239, 0.08607265330168923,
      0.10590148850131162, 0.12561918832023983, 0.14659322695177676,
      0.17059251022187, 0.1927375937485283, 0.21470537268360732,
      0.23817603756044176, 0.25855439411983355, 0.2778422534537246,
      0.29780295448886746, 0.31495361372063385, 0.3314198318478715,
      0.34910378737880676, 0.3651269890711933, 0.38132777791434447,
      0.3994760949757857, 0.41620309795505456, 0.4329215151123625,
      0.4508648911691357, 0.4662603189375724, 0.48024771179705716,
      0.4934153871384621, 0.5028959745843534, 0.5096646600111631,
      0.5137375535469987, 0.514298368778221, 0.5119126306936318,
      0.5060492881587607, 0.4979988808341534, 0.4876079790726278,
      0.4737795132803084, 0.45931264542216704, 0.4432917901260516,
      0.42416006338956525, 0.4056309136211311, 0.38623462788082,
      0.36411951400179104, 0.34350312290457974, 0.32256172590722204,
      0.2993336546983824, 0.2781826871945617, 0.25713006724937465,
      0.23421263007955864, 0.21370700419538113, 0.19361953645250546,
      0.17213738570162768, 0.15330161442140341, 0.13523909674207832,
      0.11645169347020733, 0.10048581039600432, 0.0857231747467834,
      0.07100626328718403, 0.059095546584622044, 0.04862734245123482,
      0.03876531801363087, 0.03125832488893534, 0.02502992670910476,
      0.019514765159135118, 0.015552515272349458, 0.012422913134959194,
      0.009756999441247024, 0.007888868470762004, 0.00642789432151549,
      0.005156788983433924, 0.0042271854259617716, 0.003465305470659394,
      0.002767563432115581, 0.002235765557463125, 0.0017814531619046714,
      0.0013616277720436872, 0.001047854122459563, 0.0007912571639050166,
      0.0005626983410397217
    ]
  }
}
